Santo Domingo|Santo Domingo Norte|Neighbborhood1|Street1
Santo Domingo|Santo Domingo Norte|Neighbborhood1|Street2
Santo Domingo|Santo Domingo Norte|Neighbborhood1|Street3
Santo Domingo|Santo Domingo Norte|Neighbborhood1|Street4
Santo Domingo|Santo Domingo Norte|Neighbborhood1|Street5
Santo Domingo|Santo Domingo Norte|Neighbborhood1|Street6
Santo Domingo|Santo Domingo Norte|Neighbborhood2|Street1
Santo Domingo|Santo Domingo Norte|Neighbborhood2|Street2
Santo Domingo|Santo Domingo Norte|Neighbborhood2|Street3
Santo Domingo|Santo Domingo Norte|Neighbborhood2|Street4
Santo Domingo|Santo Domingo Norte|Neighbborhood2|Street5
Santo Domingo|Santo Domingo Norte|Neighbborhood2|Street6
Santo Domingo|Santo Domingo Norte|Neighbborhood3|Street1
Santo Domingo|Santo Domingo Norte|Neighbborhood3|Street2
Santo Domingo|Santo Domingo Norte|Neighbborhood3|Street3
Santo Domingo|Santo Domingo Norte|Neighbborhood3|Street4
Santo Domingo|Santo Domingo Norte|Neighbborhood3|Street5
Santo Domingo|Santo Domingo Norte|Neighbborhood3|Street6
Santo Domingo|Santo Domingo Norte|Neighbborhood3|Street7
